module_id,unreal_asset_name,category,width_m,depth_m,height_m,variants,collision,nanite,primary_sites,construction_notes
MOD_WALL_01,SM_OT_Wall_Plain_2x32,Wall,2.0,0.25,3.2,3,"Simple box",No,"SS_003; SS_004; SS_011; SS_015; SS_018","Primary one-story structural skin; material slots for base plaster and damage overlay"
MOD_WALL_02,SM_OT_Wall_Plain_4x32,Wall,4.0,0.25,3.2,3,"Simple box",No,"All building sites","Primary long facade unit; preserve graybox footprint exactly"
MOD_WALL_03,SM_OT_Wall_Plain_2x64,Wall,2.0,0.25,6.4,2,"Simple box",No,"SS_005; SS_007; SS_010; SS_011; SS_012; SS_018","Two-story infill only where the graybox already supports the height"
MOD_WALL_04,SM_OT_Wall_Plain_4x64,Wall,4.0,0.25,6.4,2,"Simple box",No,"SS_005; SS_007; SS_010; SS_011; SS_012; SS_018","Two-story long facade unit"
MOD_OPEN_01,SM_OT_Wall_Door_12x24,Opening wall,2.0,0.25,3.2,2,"Simple boxes around opening",No,"SS_003; SS_004; SS_011; SS_015; SS_018","Clear opening 1.2 x 2.4 m; art leaf is separate"
MOD_OPEN_02,SM_OT_Wall_Door_15x24,Opening wall,2.5,0.25,3.2,2,"Simple boxes around opening",No,"SS_004; SS_012; SS_017","Clear opening 1.5 x 2.4 m"
MOD_OPEN_03,SM_OT_Wall_Window_15x13,Opening wall,2.5,0.25,3.2,3,"Simple boxes around opening",No,"All building sites","Clear opening 1.5 x 1.3 m; default sill 1.0 m"
MOD_OPEN_04,SM_OT_Wall_Window_18x15,Opening wall,3.0,0.25,3.2,2,"Simple boxes around opening",No,"SS_005; SS_007; SS_010; SS_012","Clear opening 1.8 x 1.5 m; default sill 0.9 m"
MOD_DOOR_01,SM_OT_DoorLeaf_12x24,Door,1.18,0.06,2.38,3,"Separate simple box or interaction proxy",No,"All pedestrian openings","Map-owned fallback and gameplay proxy; official scan may skin the visible leaf"
MOD_WIN_01,SM_OT_WindowFrame_15x13,Window,1.5,0.12,1.3,3,"No collision or thin box",No,"All building sites","Four-piece frame with separate glass and shutter sockets"
MOD_WIN_02,SM_OT_WindowFrame_18x15,Window,1.8,0.12,1.5,2,"No collision or thin box",No,"SS_005; SS_007; SS_010; SS_012","Larger civic frame"
MOD_WIN_03,SM_OT_Shutter_075x13,Window,0.72,0.05,1.3,3,"No collision",No,"SS_003; SS_004; SS_011; SS_012; SS_017","Use galvanized or painted wood material; fixed open/closed variants"
MOD_ROOF_01,SM_OT_Parapet_2x08,Roof,2.0,0.25,0.8,3,"Simple box",No,"All flat-roof buildings","Repeat without changing existing roof access or sightline"
MOD_ROOF_02,SM_OT_Parapet_4x08,Roof,4.0,0.25,0.8,3,"Simple box",No,"All flat-roof buildings","Long parapet module"
MOD_ROOF_03,SM_OT_RoofVent_BoxS,Roof equipment,0.6,0.6,0.45,3,"Simple box",No,"SS_003; SS_013; SS_015; SS_018","Non-traversable visual equipment; no mantle chain"
MOD_ROOF_04,SM_OT_RoofVent_BoxM,Roof equipment,1.0,0.8,0.7,3,"Simple box",No,"SS_013; SS_015; SS_018","Keep at least 1.5 m from climbable roof edges"
MOD_ROOF_05,SM_OT_Antenna_Mast,Roof equipment,0.12,0.12,2.5,3,"No collision or narrow capsule",No,"SS_018","Silhouette only; use guy-wire decals or thin geometry sparingly"
MOD_BAZ_01,SM_OT_BazaarStall_2x2,Bazaar,2.0,2.0,2.4,4,"Simple boxes",No,"SS_017","Counter and rear panel separate; preserve central passage"
MOD_BAZ_02,SM_OT_BazaarStall_3x25,Bazaar,3.0,2.5,2.6,4,"Simple boxes",No,"SS_017","Large stall for edge positions only"
MOD_BAZ_03,SM_OT_CanopyPlane_3x3,Bazaar shade,3.0,3.0,0.04,4,"No collision",No,"SS_004; SS_017","Static shallow-sag silhouette; tarp material; underside at or above 2.5 m"
MOD_BAZ_04,SM_OT_CanopyPlane_5x35,Bazaar shade,5.0,3.5,0.04,4,"No collision",No,"SS_004; SS_017","Large panel; never span a combat route without visibility review"
MOD_BAZ_05,SM_OT_CanopyPole_30,Bazaar shade,0.09,0.09,3.0,3,"Simple capsule",No,"SS_004; SS_017","Place outside 1.2 m pedestrian clearance and weapon-view center"
MOD_FENCE_01,SM_OT_FenceBase_2x06,Fence,2.0,0.35,0.6,3,"Simple box",No,"SS_014; SS_016","Supports low free corrugated panel without scaling it vertically"
MOD_FENCE_02,SM_OT_FencePanel_2x24,Fence,2.0,0.08,2.4,4,"Simple box",No,"SS_012; SS_014; SS_016","Map-owned fallback full-height panel"
MOD_GATE_01,SM_OT_Gate_6x24,Fence,6.0,0.12,2.4,2,"Simple boxes",No,"SS_011; SS_014; SS_016","Static open first pass; clear width must remain 6 m"
MOD_GATE_02,SM_OT_Gate_8x24,Fence,8.0,0.12,2.4,2,"Simple boxes",No,"SS_011; SS_014","Static open first pass; clear width must remain 8 m"
MOD_UTIL_01,SM_OT_Pipe_Straight_2m,Utility,0.12,0.12,2.0,4,"No collision or simple capsule",No,"SS_003; SS_006; SS_016; SS_018","Modular straight pipe with 0.5 m and 1 m companions"
MOD_UTIL_02,SM_OT_Pipe_Elbow_90,Utility,0.3,0.3,0.3,3,"No collision",No,"SS_003; SS_006; SS_016; SS_018","Matches straight-pipe diameter"
MOD_UTIL_03,SM_OT_Conduit_1m,Utility,0.05,0.05,1.0,3,"No collision",No,"SS_003; SS_016; SS_018","Visual detail only; cannot form ledges"
MOD_SIGN_01,SM_OT_SignBoard_12x06,Signage,1.2,0.05,0.6,6,"No collision",No,"SS_004; SS_007; SS_011; SS_017; SS_018","Material-instance text/graphic; avoid real-world brands"
MOD_SIGN_02,SM_OT_WarningPlate_04x03,Signage,0.4,0.02,0.3,6,"No collision",No,"SS_003; SS_011; SS_016; SS_018","Small utility warning plate"
MOD_TOWER_01,SM_OT_WaterTower_Primary,Landmark,6.0,6.0,15.0,1,"Custom simple collision",No,"SS_006","Assembly actor rather than one mesh: legs; braces; 5-7 m tank; platform; ladder"
MOD_CURB_01,SM_OT_Curb_2m,Ground trim,2.0,0.3,0.15,3,"Simple box",No,"SS_001; SS_009; SS_015; SS_019","Optional broken-end variants; never create a movement snag"
