checkpoint_id,checkpoint_name,completion_evidence,gameplay_checks,visual_checks,performance_checks,stop_condition
CP_00,Clean staging baseline,"UE 5.8 staging project opens; source list and disk location recorded","None","None","Baseline editor memory and project size recorded","Wrong project/worktree; unexpected modules; unrelated files"
CP_01,Source inspection complete,"All 37 free sources marked accept/reject with real asset paths and measured bounds","Identify props large enough to affect movement or cover","Reject cultural/style mismatches and obvious scan defects","Texture sizes; material counts; Nanite eligibility recorded","Unresolved dependencies or incompatible source pack"
CP_02,Structural slice,"Hotel; Courtyard; Tea House; Bazaar and Detention approach shells complete","Routes; openings; mantles; sightlines unchanged from approved graybox","Landmarks and district silhouettes readable without dressing","Actor count and editor memory remain stable","Any route narrowed or protected gameplay asset altered"
CP_03,Material slice,"Primary ground and facade materials applied to slice","No material displacement changes collision","Palette reads arid; districts differ without looking disconnected","2K defaults; shader complexity reviewed","Visible tiling cannot be corrected with planned instances"
CP_04,Opening and shade pass,"Doors; windows; shutters; stalls and canopy panels complete","Door/window clearances; 2.5 m canopy underside; central bazaar path preserved","Openings readable at combat distance; shade does not hide silhouettes","Masked material and overdraw reviewed","Visibility or movement regression"
CP_05,Tactical prop pass,"Approved vehicles; sandbags; barrels; cabinets and scrap placed","Cover height; vaulting; collision; spawn envelopes; bypasses tested","Props support site identity without clutter chains","Nanite and collision complexity reviewed","New dominant firing position or unintended climb chain"
CP_06,Dressing and PCG pass,"Rubble; grass; decals; minor props and utilities placed","No collision on minor dressing; objective and routes remain clear","Density follows D1-D4 site targets; no uniform scatter","Instance count; masked foliage; decal count reviewed","Readability loss or frame-time regression"
CP_07,Lighting and first complete review,"Daylight; exposure; reflection and landmark readability approved","Interior/exterior visibility and target silhouette checked","Representative labeled and clean screenshots captured","In-editor and standalone performance snapshot recorded","Lighting obscures players or materially changes combat visibility"
CP_08,Old Town round-one handoff,"All 20 sites meet recipe; manifest updated with final assets","Movement owner completes final traversal and combat review","Art owner approves first-draft visual coherence","Memory; package size; warnings and asset audit attached","Unexpected files; mass resave; protected project changes"
